name,particle_name1,particle_name2,bond_type,parameters
D-n,n,D,harmonic,"{""r_0"":{""magnitude"":0.4,""units"":""nm"",""dimension"":""length""},""k"":{""magnitude"":2559.0187205289126,""units"":""meV/nm**2"",""dimension"":""energy/length**2""}}"
D-S,S,D,harmonic,"{""r_0"":{""magnitude"":0.4,""units"":""nm"",""dimension"":""length""},""k"":{""magnitude"":2559.0187205289126,""units"":""meV/nm**2"",""dimension"":""energy/length**2""}}"
H-S,S,H,harmonic,"{""r_0"":{""magnitude"":0.4,""units"":""nm"",""dimension"":""length""},""k"":{""magnitude"":2559.0187205289126,""units"":""meV/nm**2"",""dimension"":""energy/length**2""}}"
A-H,H,A,harmonic,"{""r_0"":{""magnitude"":0.4,""units"":""nm"",""dimension"":""length""},""k"":{""magnitude"":2559.0187205289126,""units"":""meV/nm**2"",""dimension"":""energy/length**2""}}"
A-K,A,K,harmonic,"{""r_0"":{""magnitude"":0.4,""units"":""nm"",""dimension"":""length""},""k"":{""magnitude"":2559.0187205289126,""units"":""meV/nm**2"",""dimension"":""energy/length**2""}}"
E-H,E,H,harmonic,"{""r_0"":{""magnitude"":0.4,""units"":""nm"",""dimension"":""length""},""k"":{""magnitude"":2559.0187205289126,""units"":""meV/nm**2"",""dimension"":""energy/length**2""}}"
E-K,E,K,harmonic,"{""r_0"":{""magnitude"":0.4,""units"":""nm"",""dimension"":""length""},""k"":{""magnitude"":2559.0187205289126,""units"":""meV/nm**2"",""dimension"":""energy/length**2""}}"
K-R,K,R,harmonic,"{""r_0"":{""magnitude"":0.4,""units"":""nm"",""dimension"":""length""},""k"":{""magnitude"":2559.0187205289126,""units"":""meV/nm**2"",""dimension"":""energy/length**2""}}"
H-K,K,H,harmonic,"{""r_0"":{""magnitude"":0.4,""units"":""nm"",""dimension"":""length""},""k"":{""magnitude"":2559.0187205289126,""units"":""meV/nm**2"",""dimension"":""energy/length**2""}}"
H-R,R,H,harmonic,"{""r_0"":{""magnitude"":0.4,""units"":""nm"",""dimension"":""length""},""k"":{""magnitude"":2559.0187205289126,""units"":""meV/nm**2"",""dimension"":""energy/length**2""}}"
H-H,H,H,harmonic,"{""r_0"":{""magnitude"":0.4,""units"":""nm"",""dimension"":""length""},""k"":{""magnitude"":2559.0187205289126,""units"":""meV/nm**2"",""dimension"":""energy/length**2""}}"
G-H,H,G,harmonic,"{""r_0"":{""magnitude"":0.4,""units"":""nm"",""dimension"":""length""},""k"":{""magnitude"":2559.0187205289126,""units"":""meV/nm**2"",""dimension"":""energy/length**2""}}"
G-Y,G,Y,harmonic,"{""r_0"":{""magnitude"":0.4,""units"":""nm"",""dimension"":""length""},""k"":{""magnitude"":2559.0187205289126,""units"":""meV/nm**2"",""dimension"":""energy/length**2""}}"
K-Y,Y,K,harmonic,"{""r_0"":{""magnitude"":0.4,""units"":""nm"",""dimension"":""length""},""k"":{""magnitude"":2559.0187205289126,""units"":""meV/nm**2"",""dimension"":""energy/length**2""}}"
F-K,K,F,harmonic,"{""r_0"":{""magnitude"":0.4,""units"":""nm"",""dimension"":""length""},""k"":{""magnitude"":2559.0187205289126,""units"":""meV/nm**2"",""dimension"":""energy/length**2""}}"
F-H,H,F,harmonic,"{""r_0"":{""magnitude"":0.4,""units"":""nm"",""dimension"":""length""},""k"":{""magnitude"":2559.0187205289126,""units"":""meV/nm**2"",""dimension"":""energy/length**2""}}"
G-R,R,G,harmonic,"{""r_0"":{""magnitude"":0.4,""units"":""nm"",""dimension"":""length""},""k"":{""magnitude"":2559.0187205289126,""units"":""meV/nm**2"",""dimension"":""energy/length**2""}}"
Y-c,Y,c,harmonic,"{""r_0"":{""magnitude"":0.4,""units"":""nm"",""dimension"":""length""},""k"":{""magnitude"":2559.0187205289126,""units"":""meV/nm**2"",""dimension"":""energy/length**2""}}"
