name,sigma,epsilon,cutoff,offset,initial_state
D,"{""magnitude"":0.4,""units"":""nm"",""dimension"":""length""}","{""magnitude"":25.69257912108585,""units"":""meV"",""dimension"":""energy""}","{""magnitude"":0.3984740271498274,""units"":""nm"",""dimension"":""length""}","{""magnitude"":0.0,""units"":""nm"",""dimension"":""length""}",D
E,"{""magnitude"":0.4,""units"":""nm"",""dimension"":""length""}","{""magnitude"":25.69257912108585,""units"":""meV"",""dimension"":""energy""}","{""magnitude"":0.3984740271498274,""units"":""nm"",""dimension"":""length""}","{""magnitude"":0.0,""units"":""nm"",""dimension"":""length""}",E
n,"{""magnitude"":0.4,""units"":""nm"",""dimension"":""length""}","{""magnitude"":25.69257912108585,""units"":""meV"",""dimension"":""energy""}","{""magnitude"":0.3984740271498274,""units"":""nm"",""dimension"":""length""}","{""magnitude"":0.0,""units"":""nm"",""dimension"":""length""}",n
S,"{""magnitude"":0.4,""units"":""nm"",""dimension"":""length""}","{""magnitude"":25.69257912108585,""units"":""meV"",""dimension"":""energy""}","{""magnitude"":0.3984740271498274,""units"":""nm"",""dimension"":""length""}","{""magnitude"":0.0,""units"":""nm"",""dimension"":""length""}",S
H,"{""magnitude"":0.4,""units"":""nm"",""dimension"":""length""}","{""magnitude"":25.69257912108585,""units"":""meV"",""dimension"":""energy""}","{""magnitude"":0.3984740271498274,""units"":""nm"",""dimension"":""length""}","{""magnitude"":0.0,""units"":""nm"",""dimension"":""length""}",H
A,"{""magnitude"":0.4,""units"":""nm"",""dimension"":""length""}","{""magnitude"":25.69257912108585,""units"":""meV"",""dimension"":""energy""}","{""magnitude"":0.3984740271498274,""units"":""nm"",""dimension"":""length""}","{""magnitude"":0.0,""units"":""nm"",""dimension"":""length""}",A
K,"{""magnitude"":0.4,""units"":""nm"",""dimension"":""length""}","{""magnitude"":25.69257912108585,""units"":""meV"",""dimension"":""energy""}","{""magnitude"":0.3984740271498274,""units"":""nm"",""dimension"":""length""}","{""magnitude"":0.0,""units"":""nm"",""dimension"":""length""}",K
Y,"{""magnitude"":0.4,""units"":""nm"",""dimension"":""length""}","{""magnitude"":25.69257912108585,""units"":""meV"",""dimension"":""energy""}","{""magnitude"":0.3984740271498274,""units"":""nm"",""dimension"":""length""}","{""magnitude"":0.0,""units"":""nm"",""dimension"":""length""}",Y
R,"{""magnitude"":0.4,""units"":""nm"",""dimension"":""length""}","{""magnitude"":25.69257912108585,""units"":""meV"",""dimension"":""energy""}","{""magnitude"":0.3984740271498274,""units"":""nm"",""dimension"":""length""}","{""magnitude"":0.0,""units"":""nm"",""dimension"":""length""}",R
G,"{""magnitude"":0.4,""units"":""nm"",""dimension"":""length""}","{""magnitude"":25.69257912108585,""units"":""meV"",""dimension"":""energy""}","{""magnitude"":0.3984740271498274,""units"":""nm"",""dimension"":""length""}","{""magnitude"":0.0,""units"":""nm"",""dimension"":""length""}",G
F,"{""magnitude"":0.4,""units"":""nm"",""dimension"":""length""}","{""magnitude"":25.69257912108585,""units"":""meV"",""dimension"":""energy""}","{""magnitude"":0.3984740271498274,""units"":""nm"",""dimension"":""length""}","{""magnitude"":0.0,""units"":""nm"",""dimension"":""length""}",F
c,"{""magnitude"":0.4,""units"":""nm"",""dimension"":""length""}","{""magnitude"":25.69257912108585,""units"":""meV"",""dimension"":""energy""}","{""magnitude"":0.3984740271498274,""units"":""nm"",""dimension"":""length""}","{""magnitude"":0.0,""units"":""nm"",""dimension"":""length""}",c
